<?xml version="1.0" encoding="UTF-8"?>
<teamcity-plugin xmlns:xsi="http://www.w3.org/2001/XMLSchema-instance"
                 xsi:noNamespaceSchemaLocation="urn:shemas-jetbrains-com:teamcity-plugin-v1-xml">
    <info>
        <name>newdirectory-build-trigger</name>
        <display-name>New directory build trigger</display-name>
        <version>SNAPSHOT-201610141103</version>
        <description>Support for triggering build on detecting if new sub directory was created under given path.</description>
        <vendor>
            <name></name>
            <url></url>
        </vendor>
    </info>
    <deployment use-separate-classloader="true"/>
</teamcity-plugin>
